Frequency_GHz,Total_Coupling_Ant1_dB,Total_Coupling_Ant2_dB,Total_Coupling_Ant3_dB
2.15,-34.66192886777486,-33.072570940201665,-34.094120058865805
2.151,-35.31441388731236,-33.54357952017162,-34.64621247280883
2.152,-35.32630727285599,-33.23438636396433,-34.10201940312279
2.153,-35.4007182922195,-32.72344753877587,-33.72690504450442
2.154,-34.83930351897609,-33.189311044361645,-33.64727390225767
2.155,-34.70151918403549,-32.89315561763845,-33.148154976597155
2.156,-34.79474649280452,-32.32757108426404,-33.00893082780228
2.157,-34.61137790785971,-32.05581738182524,-32.82089186652903
2.158,-34.056540180566095,-32.403348330528495,-33.431960788327956
2.159,-34.39618964472579,-31.902010550766033,-32.59077184855442
2.16,-34.12058338567826,-31.65114971052535,-33.3639246750807
2.161,-33.97170568453065,-31.4189443856012,-32.717699052477776
2.162,-33.84883901317464,-31.579099401966836,-31.720061104589043
2.163,-33.64201211308385,-31.12141194177819,-31.72089864266134
2.164,-33.892685170917744,-31.35275011677464,-32.16862624429417
2.165,-32.91426753518604,-31.901297382174704,-32.03344008923679
2.166,-33.641978365756096,-30.873228910576685,-31.987473448127062
2.167,-32.426550997219636,-31.23176275457628,-32.34719470019322
2.168,-32.93132534014327,-31.263559068505327,-30.857054504102205
2.169,-32.533935069393266,-30.840459910087887,-31.50747883509299
2.17,-32.52569837862562,-30.802104687574705,-31.29185644993599
2.171,-32.49963264838281,-30.844535245836646,-31.1226423164451
2.172,-32.5548394206465,-30.870887006289372,-30.737822329406022
2.173,-32.0842272166071,-30.22663571140262,-30.13871594894685
2.174,-32.106130696367245,-30.634642996300386,-31.662679005950128
2.175,-32.31706203570001,-29.958063310535053,-31.208039332428456
2.176,-32.08484352187506,-29.767130409374772,-30.583468362477596
2.177,-31.95780282281637,-30.354054999487083,-29.9199670544232
2.178,-31.82951237831079,-29.173691360535727,-30.882451626198396
2.179,-31.96625328083862,-30.20295653722444,-29.799515523023345
2.18,-31.475162707087087,-29.82448049211311,-29.85248900063793
2.181,-31.156868903600902,-29.267690447963854,-29.173464145583775
2.182,-31.35968595670796,-29.455305344152283,-29.644678501154218
2.183,-31.29158748154582,-28.84464860359077,-29.456574744388288
2.184,-30.93881282351962,-28.735382859599525,-29.216314054489114
2.185,-30.69861725294317,-28.86233099415903,-29.579060297388477
2.186,-30.53535207943295,-29.15207086219473,-29.06946237925956
2.187,-31.037217048710794,-28.561589934002033,-29.202565882769782
2.188,-30.60305144786561,-28.5688794948536,-29.793324746413802
2.189,-30.493905975800576,-28.020198244908002,-29.128816902460297
2.19,-30.1502334991625,-27.851966772984618,-29.145358287837407
2.191,-29.8448261965334,-27.77880809173167,-27.99507244230124
2.192,-30.415242364965103,-28.044147257773943,-29.05545566848849
2.193,-29.87874224418806,-27.2777824540902,-29.194822347520013
2.194,-29.449840372284438,-27.41807192656054,-28.755621326073708
2.195,-29.896390725892633,-28.268683114556275,-28.160393833550902
2.196,-29.19538143229031,-27.049434564874062,-28.05073544585872
2.197,-30.13698427084352,-27.57894478405128,-27.609577657589814
2.198,-29.665582169765514,-27.127578515907558,-28.327490028979415
2.199,-29.876919063834553,-27.68653127982136,-27.831669147922153
2.2,-29.035249036376477,-27.133018447592146,-28.266102550394102
2.201,-29.330995675918725,-26.337167970746616,-27.769955150511404
2.202,-29.292078851496957,-26.997603855440502,-27.14233028380331
2.203,-28.852280877015644,-26.22685710344163,-27.91213006802969
2.204,-28.43916539644736,-27.064318122811386,-26.636442122839256
2.205,-28.514498856952596,-27.110236762673033,-26.973245014705306
2.206,-28.74182903374452,-26.483292633841423,-27.570860202526127
2.207,-28.119141610409464,-26.879922254319975,-26.940775853209892
2.208,-28.81006357731932,-26.308955190184587,-27.052410765345563
2.209,-28.478969942018534,-25.751495437966682,-27.34217422264483
2.21,-27.52565575570855,-26.223802573811522,-26.973112095863463
2.211,-27.674594175326597,-25.971454528633675,-26.550142461327315
2.212,-27.000244826886114,-25.943727128438532,-26.629582312032817
2.213,-27.814550502668748,-25.696467559360045,-26.369773648538562
2.214,-27.196080940021155,-24.671373276774315,-26.68447934662028
2.215,-27.38367863124596,-25.363768199620488,-26.32068873198814
2.216,-27.62864383618346,-25.703080443900355,-26.03132036636561
2.217,-27.313419962859896,-24.941008668924646,-26.360612079357466
2.218,-27.139808382579357,-25.259158158257357,-25.325569831001303
2.219,-26.661281264451404,-24.61185972988352,-25.98623985665734
2.22,-27.0452665126859,-24.58340266323234,-26.348371603191868
2.221,-27.099704698111292,-25.668013371067993,-25.48037113667487
2.222,-26.030529183153753,-24.56318752271093,-25.64358040170417
2.223,-27.051029296127634,-24.794164538916476,-25.465336576922965
2.224,-26.3705140914314,-24.31844684113534,-26.447432427326415
2.225,-26.450187916531483,-24.799805069001106,-24.73528395398056
2.226,-26.661882637830438,-23.83459399593296,-25.007461188093135
2.227,-26.307716908030727,-24.2671182523584,-24.738051120376205
2.228,-26.41905672147345,-23.829777083556557,-24.45245181307968
2.229,-26.174044794877204,-24.257810556968813,-24.75862230200175
2.23,-25.849891539134436,-24.145350832635465,-24.997766941803246
2.231,-25.784549854126105,-23.735550994943075,-24.39427635094402
2.232,-26.20110023451458,-23.760504627139948,-24.786423453701644
2.233,-25.892862261337058,-24.073053319948414,-25.02203649483015
2.234,-25.012673536212798,-23.565188456852603,-24.449020058110126
2.235,-25.930792469468592,-23.291495168245117,-23.792533132576192
2.236,-25.583516920446208,-24.10218854437852,-24.060237041413615
2.237,-25.438659999700832,-23.057849263368368,-23.986401882321907
2.238,-25.007287745709398,-23.436337562688404,-23.896578407093077
2.239,-25.491702378288764,-22.707341302775017,-23.90803798649754
2.24,-25.066280812853957,-22.831456254584847,-24.145909815383977
2.241,-24.086661922409558,-22.530012070283266,-23.710577009121913
2.242,-25.295487777714662,-22.83382676596738,-24.123493239914712
2.243,-24.858703513201014,-22.517091061472296,-24.01394848439002
2.244,-25.11052723943424,-21.82483654064416,-23.779152899805553
2.245,-25.18296647493287,-22.24376917432234,-23.266719415098112
2.246,-24.576725170215006,-22.823060886591186,-22.525225114497715
2.247,-24.500390700033524,-21.612126375940655,-22.9824681975286
2.248,-23.77594251101387,-21.793295984926804,-23.183788413127317
2.249,-23.920622209760793,-21.67476070084045,-22.96035121316328
2.25,-24.1065836049998,-22.007630714435447,-22.9593726178165
2.251,-24.10250107534171,-21.953119142358123,-22.902617384975485
2.252,-24.229922195175554,-22.40759885876916,-22.911714828037493
2.253,-24.623858311048124,-21.471177906149048,-23.26269268997995
2.254,-24.040118933189966,-21.725636205270284,-22.2959472977376
2.255,-23.855830752678287,-22.435945136062962,-22.74941438911981
2.256,-23.563258135203448,-21.053355413825358,-22.27992893892694
2.257,-24.21581045902918,-21.575258188636006,-22.22174108361907
2.258,-24.55548657344641,-21.39992193471976,-23.25847394226505
2.259,-23.425727079219236,-21.691513399216184,-21.692803320719428
2.26,-23.362492638247424,-21.51614439974585,-22.310254446737527
2.261,-23.341391146745,-20.73588580552459,-21.71728685560568
2.262,-22.96340812960516,-21.247051680289772,-22.075324397522444
2.263,-22.70802452714817,-20.6378194191249,-21.894903599436457
2.264,-23.44456534564198,-20.831664868128957,-22.36925027641536
2.265,-23.135111849270075,-20.853701446425454,-21.314450147058782
2.266,-23.663634860685995,-20.60947406660171,-21.120602044198783
2.267,-23.052531358798596,-20.690267455193528,-21.52398996593289
2.268,-23.344416310420627,-20.96092411397342,-21.177943938127385
2.269,-22.576691312864835,-20.19698922726874,-22.237943397036123
2.27,-21.901941291429058,-20.603680370481374,-21.305083493558733
2.271,-22.464533302863078,-20.528544106178224,-21.08405076257505
2.272,-23.232920227126222,-20.703400328145705,-21.192151545788104
2.273,-22.51347966819754,-20.468166577242144,-20.630016655206216
2.274,-22.022208519004106,-20.677653318497104,-20.670748511145053
2.275,-22.34774827743427,-19.69363672692436,-21.044685620783284
2.276,-22.776139967954663,-19.57840318877995,-20.583584778277846
2.277,-22.76972980470336,-20.449850989160584,-20.329653709784928
2.278,-21.698920190985753,-20.400779539152573,-19.815904403454223
2.279,-21.701128945735007,-20.046144206386522,-20.456161396272723
2.28,-22.37172028293381,-19.889944502633007,-20.817430999100992
2.281,-21.53462445176883,-20.104488745832427,-20.808934807693284
2.282,-22.645137664690527,-19.824750111841322,-20.464794894021125
2.283,-21.727606557516538,-19.659400683650993,-20.29690644332875
2.284,-21.33209841094014,-19.49355508376261,-20.90408345388275
2.285,-21.940412907248408,-19.515851573357857,-20.789607221529177
2.286,-21.82029471295199,-19.957900579872504,-19.49488604625167
2.287,-20.78093190193995,-19.73365755734965,-19.842869772085884
2.288,-21.883665526939296,-20.070292112475276,-20.581926582711493
2.289,-21.013827699356717,-19.930686022407897,-19.4773680840907
2.29,-21.735230850600978,-19.530661239144006,-20.515937771887927
2.291,-21.677910716739337,-18.285401455823752,-19.500082294973485
2.292,-21.49141609999098,-19.614318106087573,-19.595259140101604
2.293,-20.96740947683065,-19.276418047807077,-20.17101592864572
2.294,-21.111751246698653,-19.321949689509225,-19.446424994478527
2.295,-20.631021656667713,-18.535851704220242,-19.801199063033124
2.296,-21.154693485197036,-18.991298105119053,-19.938160727421433
2.297,-21.187199560855948,-18.36831534727584,-20.378126084021307
2.298,-21.131297573066163,-18.450245790484722,-19.70856257569301
2.299,-20.425115558645793,-19.05760102951512,-20.259527185153615
2.3,-20.68554459773505,-18.892718245865073,-20.328866901056465
2.301,-20.775730858205613,-18.648845012982925,-18.931885970100275
2.302,-19.918276716976397,-18.816134437855766,-20.000014834419773
2.303,-20.55834039357117,-18.408210488674975,-18.30621079178914
2.304,-20.449959281118325,-18.114562381183138,-19.530050237794605
2.305,-20.086654360838978,-18.280330632881213,-19.748353446065565
2.306,-19.79805221787368,-18.33573117082091,-19.455244791522
2.307,-20.354767153484303,-18.26932308046487,-18.443648697136766
2.308,-21.06286855128463,-18.511903942125205,-19.62282219713519
2.309,-20.106398083227877,-17.896529820057275,-19.19608185305278
2.31,-20.819374608316185,-17.75463171780964,-19.189364669116912
2.311,-20.47737331898653,-17.823705559576094,-18.487454172960604
2.312,-20.707735374497883,-17.75494801229899,-19.20698324322555
2.313,-19.7708845591486,-18.488641746158002,-18.818734053367944
2.314,-19.914915962891186,-18.004422336978323,-19.03518070799082
2.315,-19.98312493135097,-18.365361177568754,-19.16251849223606
2.316,-19.495001471300636,-17.605568592036366,-18.184524197000748
2.317,-19.483707992337777,-18.202916871355505,-18.66705383041503
2.318,-20.148691565885805,-17.48994375457538,-18.371548223587155
2.319,-19.70195047838046,-17.929740130056903,-17.941219188329626
2.32,-19.792535445224132,-18.189359215916262,-19.02749343305032
2.321,-19.171190012034828,-17.95128665653271,-18.41502621538737
2.322,-19.85877652043698,-17.247901259660324,-18.73170775017606
2.323,-19.55197828959498,-17.041477262140464,-19.274561748870433
2.324,-19.779160696560073,-17.80736064723934,-18.99925497286658
2.325,-19.629616850207455,-18.09922371342324,-18.056677848627384
2.326,-19.891008054424407,-18.09921320298948,-18.193387574726785
2.327,-19.46404634448261,-17.879487278910176,-18.32775656274949
2.328,-19.73865089662665,-17.585084723887846,-17.609963332096154
2.329,-19.65386298007337,-17.260308889778294,-18.027226136171237
2.33,-19.71774710555817,-17.11607600562439,-17.569474504855755
2.331,-19.663322384306916,-17.41893094611672,-18.283367693480617
2.332,-19.04692143164286,-17.261196801239574,-17.841106691082814
2.333,-19.18188746244342,-16.821221418657064,-17.526432733051667
2.334,-19.22192222635372,-17.026568183083416,-18.10942990171573
2.335,-19.023625003097415,-17.399603160806222,-18.055000019486258
2.336,-18.632605094076023,-17.12149950169751,-17.84680315675349
2.337,-19.359976351007862,-17.04671951956439,-17.563589103711653
2.338,-18.404023793270422,-17.173956941044484,-18.023614222273483
2.339,-18.60798016435897,-16.860138739028137,-17.365436238180166
2.34,-18.72973089861071,-16.878725395797648,-18.02451122049115
2.341,-18.59663996490861,-16.93658504476342,-18.06962207766511
2.342,-18.955748277241533,-16.898869541890416,-17.802433155539227
2.343,-18.77836860456923,-16.889232990094282,-17.361790190963504
2.344,-18.713021645774507,-17.207484771368538,-17.322422592555572
2.345,-18.248109256927638,-16.757666690337885,-16.83554918584668
2.346,-18.92041223138265,-16.32855404506228,-17.031711895121106
2.347,-19.162915728400133,-17.264711627462614,-17.835335926233437
2.348,-19.20103324504986,-16.105660925317032,-17.739639809498566
2.349,-18.853127133963582,-16.32915064980216,-17.47220781487776
2.35,-19.17157290975667,-16.462760152483604,-18.09308088585066
2.351,-18.33331767905449,-17.311698154669347,-17.472087369594462
2.352,-18.64718658218091,-16.5978303585317,-17.621626125203388
2.353,-18.396306440490932,-16.731488839220034,-16.982679321374064
2.354,-18.814540046934738,-16.452009745689423,-17.991034324379385
2.355,-17.990520542739443,-16.550994715749223,-17.641210696120556
2.356,-18.70400945053412,-16.320296476713672,-16.977190009514846
2.357,-18.305668874159334,-16.46941412472766,-17.85965275894608
2.358,-18.347936100689978,-16.47979930859073,-17.106924534612446
2.359,-18.45979787692641,-16.761969619112914,-17.569439569102606
2.36,-18.58802832120323,-15.852323075586948,-17.364893945197654
2.361,-18.025108776287148,-16.64324794823154,-17.232515288528433
2.362,-17.970823936125818,-16.4490395002051,-16.70564592859089
2.363,-18.999277048081716,-15.660633708513302,-17.561752546392785
2.364,-17.841255635127958,-16.361467776569366,-16.756238915464746
2.365,-18.111099031770404,-16.122285411504336,-16.89159987391168
2.366,-18.69185596956865,-15.904098285848507,-17.01566695221291
2.367,-18.969975026457227,-16.347016276047977,-16.458358287030286
2.368,-18.35230155392486,-15.724795315718133,-16.990274458006297
2.369,-18.158087261473874,-16.273986806401957,-16.5497116334539
2.37,-17.90534535014402,-16.251155202794813,-16.863751203667356
2.371,-17.72238162981748,-15.994309745879473,-16.730208005390153
2.372,-18.646926206489297,-16.205356338066547,-17.146154801821552
2.373,-18.945049134214443,-15.734265517682282,-17.07090681976065
2.374,-18.35539634782058,-16.88799408663572,-16.727504753749237
2.375,-18.334504263333912,-15.578396355349327,-16.438361237432268
2.376,-18.50958639681441,-15.589503437694376,-17.45779911557625
2.377,-18.180674306850385,-15.951004792991817,-16.833559646235074
2.378,-18.403380976161067,-16.04644400555966,-16.69111304140966
2.379,-18.122574762372693,-15.518752425576249,-17.727460341248197
2.38,-17.997832923347094,-15.416299323797775,-16.941134837416204
2.381,-18.843569890487508,-16.166738936480808,-16.941997984346248
2.382,-17.865017207521657,-15.726923944004504,-17.179563026224788
2.383,-17.815347959626987,-16.65858002903316,-17.001786319601596
2.384,-17.930485521246812,-16.146832497948488,-16.900755804511558
2.385,-18.726483057479946,-16.026076966029127,-15.972638606525544
2.386,-17.677762568938626,-15.853189527359604,-16.653635632278178
2.387,-18.324292162538615,-15.977348560444733,-17.30234511225845
2.388,-17.62712835037886,-16.38202140239191,-17.098496379435893
2.389,-18.549925402263355,-15.54140977379345,-16.865369344179776
2.39,-17.84602644192583,-16.26079231112812,-17.048286795836756
2.391,-17.77115544695356,-16.186390909495746,-17.062741830366527
2.392,-18.569787123835336,-15.446573088945652,-16.251335678691007
2.393,-18.831823302868415,-15.950288826039284,-15.906657041031005
2.394,-17.785772828626158,-16.302004403572198,-16.89037659862604
2.395,-18.054477929779644,-15.359229943818393,-17.1311408736072
2.396,-18.15134611186447,-16.057595092027437,-16.879276323298768
2.397,-17.42755474699463,-16.251289793417246,-17.18019098053508
2.398,-17.893858007984697,-15.530772337772998,-17.238168651751483
2.399,-17.728429518211104,-15.553020491761744,-17.261705072723526
2.4,-17.90061928577905,-15.720851622510851,-16.766953405733712
2.401,-17.451963587890926,-16.336516463290994,-16.422675156152692
2.402,-18.412157194385724,-16.25446113979943,-16.66839660204929
2.403,-18.78946356688197,-15.918602848450927,-16.22571813446016
2.404,-17.584055088303373,-16.211179235554205,-16.436546761932796
2.405,-18.02257264153168,-15.951297971017134,-16.16041900062151
2.406,-18.188023800179568,-14.757274359313824,-16.329331401713368
2.407,-17.98060795813775,-15.662698209535758,-16.884016696385743
2.408,-17.740389517150636,-15.34085028460183,-16.88643509332397
2.409,-17.7857894035478,-16.214187076345244,-16.60805326644613
2.41,-18.344101659350706,-16.110656385933876,-16.28369150396605
2.411,-17.828486905422505,-15.838616284196064,-16.23085076030973
2.412,-18.644449635863307,-15.397466751102755,-16.468906473716164
2.413,-18.065451387909963,-15.804063554064383,-16.544382465502693
2.414,-17.971059736227314,-16.2303662601515,-17.185833463127803
2.415,-17.98528596757326,-16.466026953078604,-17.58517928476068
2.416,-18.583603859910774,-16.195616977554323,-16.888677516018046
2.417,-18.76452810607998,-15.412496642072442,-16.329433241827996
2.418,-17.994556896267156,-16.585704343964164,-16.553959498612173
2.419,-18.64876684983981,-15.703271442091125,-16.62009029132105
2.42,-18.25242531830143,-15.94872293081849,-16.975887961582806
2.421,-18.534169694542516,-15.59018254608542,-16.83050838980003
2.422,-18.324310572359284,-15.69738186310757,-17.245121196646554
2.423,-18.396034357013956,-15.696977877407832,-16.633676481658775
2.424,-18.42816460269692,-16.47316564718565,-15.911663278887797
2.425,-18.290599032919758,-15.491504236445524,-16.905914018806666
2.426,-18.266708636421317,-16.127177621228764,-17.657788627833174
2.427,-18.28992552775785,-16.164712833592052,-16.53082413859241
2.428,-18.785214195392015,-16.650447565365468,-16.601237596512558
2.429,-18.7068047721256,-16.105898652941114,-16.961684306501528
2.43,-18.333069433445473,-15.35659934753565,-16.750393988680184
2.431,-18.199507585465067,-15.788828902443356,-17.268133983123683
2.432,-18.219273216078804,-16.05428612530347,-17.217462923007176
2.433,-18.775482884024207,-16.25667334330895,-16.064564127115926
2.434,-18.231711370201918,-16.155716104674575,-16.972498449142314
2.435,-18.353981857484257,-16.53621957430724,-16.964532083820096
2.436,-18.033476555928004,-16.3566834811208,-16.245808938340403
2.437,-18.865314075315403,-15.702523809046248,-17.483693281514
2.438,-18.884870128326238,-16.451287058938306,-16.935497869401182
2.439,-19.065069780417797,-16.170739632520366,-17.527062418716874
2.44,-18.637272368729093,-16.544990720590665,-16.94791130313648
2.441,-18.65134368869625,-15.811946624381665,-16.9377485041437
2.442,-18.087617822747124,-16.154288912159632,-17.063006144140523
2.443,-18.075105615671465,-16.960938872917893,-17.490416702604747
2.444,-18.218224665369714,-16.371819991642646,-16.691573664156188
2.445,-18.723310837790756,-16.487947146027306,-17.578855589252157
2.446,-19.167850895953755,-16.56526305909844,-16.97200130153882
2.447,-18.608844648249047,-16.497879662974917,-17.54227604207333
2.448,-18.4635075693376,-16.22412443303317,-17.866755932952977
2.449,-18.84088717807972,-16.39575121035463,-17.005754492438896
2.45,-18.397932349244673,-16.38020637172659,-16.765397205309437
2.451,-18.95933707587347,-16.59120268618405,-17.103618660071387
2.452,-18.580581987733638,-16.639601813791927,-16.673354320636125
2.453,-18.578222579037135,-16.183496668587424,-17.35842069257834
2.454,-18.586875743446395,-16.486578486329726,-17.154087766226024
2.455,-18.486374745069746,-16.84563782590181,-17.0293648277041
2.456,-19.049829064225694,-17.11750027535317,-17.342290178549426
2.457,-19.01079870840306,-16.828331216360915,-17.70050538153462
2.458,-19.098765166516255,-16.97674201146055,-17.814873146670344
2.459,-19.414243901699805,-17.250934479296173,-18.11454109920214
2.46,-19.240651715833504,-17.556777856157474,-18.092538403001278
2.461,-19.274597924534966,-16.935830464661514,-17.393647305555966
2.462,-18.96239564341606,-16.828226155737298,-17.92816771200353
2.463,-19.49884775868576,-16.954308594067594,-18.083605694545096
2.464,-19.011082047328816,-17.147162647945912,-18.0584706371639
2.465,-18.71078259422494,-16.264615461456337,-17.56670788589792
2.466,-19.638600037423778,-17.059077354277154,-18.21328542923276
2.467,-19.498736983091423,-17.06414471579352,-17.59276450886881
2.468,-19.344515367282582,-16.68891344138806,-18.27393394397031
2.469,-19.512581897127998,-17.51692125407915,-18.47070488991077
2.47,-19.365662437174297,-17.184440072655953,-18.35233865699419
2.471,-18.442311119085076,-17.887867076414857,-18.185560485147306
2.472,-19.903706990035936,-17.067882913407864,-18.051393714466737
2.473,-19.5666311905426,-17.264618494390774,-18.28702593537358
2.474,-19.18972751454139,-17.32080737787982,-17.95926082219308
2.475,-19.175477324465252,-17.76649221533548,-17.939539899942233
2.476,-19.551208623134627,-17.347538071435167,-18.555820771354476
2.477,-19.956837074567062,-17.12512016556108,-18.589898335762356
2.478,-18.986805341152476,-17.596742921866863,-18.62720383798718
2.479,-19.486861748835278,-18.294773761426317,-18.460492027303054
2.48,-18.97383020504425,-17.959478547146045,-18.63565692685341
2.481,-19.805200734864282,-17.72184869808384,-18.939600625435634
2.482,-19.893660501672173,-17.250144593793728,-18.455403573185237
2.483,-20.148515473593832,-17.592924195481142,-18.813431821659506
2.484,-20.401077329525723,-18.602274966983664,-18.05656279942425
2.485,-20.297716290053952,-18.335107962000414,-18.58388461507393
2.486,-20.366427417431634,-18.24506312671507,-18.744115501125982
2.487,-20.31227469154219,-17.817531437882657,-19.113593426687913
2.488,-20.75202136993051,-17.650601887924754,-18.901583400518874
2.489,-19.65619525527035,-18.532044015800466,-19.235727108264467
2.49,-20.131310484123244,-18.22323943645162,-18.870962965180087
2.491,-19.953901994869618,-18.198318054851768,-19.037618151644217
2.492,-20.402189445289892,-18.217772403079827,-19.29948588145844
2.493,-20.938073547134934,-18.953402174684037,-19.145791285094294
2.494,-20.02762103615448,-17.9274279963173,-18.879624252691183
2.495,-20.473515235438793,-18.7592078730208,-19.56890007166621
2.496,-20.9517742316967,-18.607358814687725,-18.68657426985847
2.497,-21.346976496258474,-18.582966118992765,-19.214489791121167
2.498,-20.50422498625707,-18.35112013715028,-19.75934150147536
2.499,-20.767265772055854,-18.69060815353662,-19.790463557776114
2.5,-21.179077084157576,-18.729967694653983,-20.481472890987522
2.501,-21.348469246771174,-18.98561417973647,-19.910880243857363
2.502,-20.922452108930894,-19.114924823157075,-19.441971118270462
2.503,-20.745803242229563,-18.888289993465715,-19.9975711573557
2.504,-20.070553037598053,-18.917751653792312,-19.352449644378847
2.505,-21.164488104636156,-18.769252159726403,-19.948898967740426
2.506,-20.70530757616366,-19.525919179568994,-19.777607899268503
2.507,-21.60591881008163,-19.250086999593304,-19.906092108005
2.508,-21.458552173954995,-19.02788501826005,-19.466293336375557
2.509,-21.999732948600315,-19.357624820848958,-19.400698751762814
2.51,-21.004236925382486,-18.84942110675343,-19.99476999882315
2.511,-21.253788048579253,-19.47361401691856,-19.976370181763823
2.512,-21.411328519143208,-18.526113473443676,-19.80248672298558
2.513,-21.54425681267949,-19.687573673052153,-19.865615072567003
2.514,-21.83712465622532,-19.228415424768805,-20.317039120711673
2.515,-22.363894769415694,-19.246896228594107,-19.894331767163518
2.516,-22.032419975186887,-20.149076643390018,-19.824835541110982
2.517,-21.694582576371317,-19.827449186445765,-19.74056730020624
2.518,-21.593432839406923,-19.20053066387274,-21.00336340812207
2.519,-21.7320130515597,-20.48317891081807,-20.628797149564203
2.52,-22.10200524432606,-20.249649869636738,-20.9612665541189
2.521,-22.11863365729977,-19.924964140643816,-21.179686546623987
2.522,-22.414338242114418,-20.127568797170344,-20.901800828334057
2.523,-22.87965863312275,-20.235793858159088,-21.716913643239497
2.524,-22.02072025316417,-19.583526522537046,-21.37191840766238
2.525,-22.02540666241438,-20.244440627018907,-20.349344201243905
2.526,-22.715539413690486,-20.680481578129157,-21.19100084499163
2.527,-22.450397697604323,-19.84648401582479,-20.48793023380757
2.528,-23.42989937770311,-19.83161502294546,-21.175686075328585
2.529,-22.821933099878255,-20.468685132712103,-21.137587763336004
2.53,-22.579658914932132,-20.18920479175412,-20.97396872235089
2.531,-22.503630817970866,-20.417200920661486,-20.4779286413368
2.532,-22.964597084303815,-21.032854320182178,-20.954711866618453
2.533,-23.232140448775578,-21.753712583819933,-21.744260421513548
2.534,-23.387507642332128,-20.65232616429143,-20.99814358563814
2.535,-23.286494263717906,-21.04192620391612,-21.807882606864602
2.536,-23.90897848450099,-22.08655648800981,-21.227313350588656
2.537,-23.014066217698645,-21.42388505981897,-22.350383699294344
2.538,-22.739741403063555,-21.4195874294428,-21.967870475903894
2.539,-23.60229923696259,-21.120854843581064,-21.97072436339749
2.54,-24.205963304222344,-21.391381312241613,-21.764060929571624
2.541,-24.107717392758513,-21.398123463926126,-22.776435586427798
2.542,-22.694258946857037,-21.190212454681138,-22.54435671395975
2.543,-23.820681817712142,-21.173294907570074,-22.102146049002528
2.544,-23.773421117257666,-20.617618125906212,-23.212313944522744
2.545,-24.075356932130326,-22.243943985375026,-22.468336695739932
2.546,-23.68402837018096,-21.417280121566456,-22.28596130350151
2.547,-24.525772856428713,-21.443290219685515,-22.987448872586675
2.548,-24.29719451733061,-22.35631355113364,-23.13712919718729
2.549,-23.647874625205777,-21.505220305283398,-23.449391620943484
2.55,-24.451789951292554,-21.95579478747746,-22.952282687186706
2.551,-24.31878874722873,-22.53759382924137,-22.792572522257405
2.552,-24.01334685825919,-22.425935220136793,-23.301578943791164
2.553,-24.243335726485515,-22.566427046264103,-23.402531262474998
2.554,-24.671648439383663,-22.442525537230026,-23.401714337793372
2.555,-24.389492128578212,-22.404764028255947,-23.22573338809111
2.556,-25.53832723533933,-22.820197318553426,-22.650042783722306
2.557,-24.61692775349473,-22.217742330584503,-23.789472928972316
2.558,-24.754281661424464,-22.711923764504633,-23.728873153002414
2.559,-24.847208720889036,-22.50831375397581,-22.668228431833644
2.56,-24.92456370336501,-22.761871666993486,-23.782971947552376
2.561,-25.494296094097898,-23.052634579776175,-23.775845802765403
2.562,-25.55830002744326,-23.248093544184364,-24.992226414904522
2.563,-25.399938800338603,-23.521889173155305,-24.714013906748853
2.564,-26.641405977632804,-23.13020095669858,-24.664611980205187
2.565,-25.64837920122377,-23.467638454833835,-24.57565508602839
2.566,-25.765459912647245,-23.50580920556999,-25.212927093817207
2.567,-25.784309735857697,-23.69496035566979,-24.609639287033076
2.568,-25.778538831723168,-23.75300247260347,-24.05573792059084
2.569,-26.786183829962,-24.625658401140743,-25.4321065832156
2.57,-26.397765201285168,-24.27756390885864,-25.098174157079246
2.571,-26.163358956759982,-23.972699702910166,-24.90460667034734
2.572,-26.954071720574145,-24.16202075483177,-25.06134582190181
2.573,-26.672985045858887,-24.464202363218583,-25.236674808302666
2.574,-26.85523220788815,-24.296390049053407,-25.092745070533567
2.575,-26.271843546649748,-24.30632902787562,-25.24580892263883
2.576,-26.6541031445338,-24.81639478602863,-25.27262669823805
2.577,-26.637542708465173,-24.43559485591099,-25.37431084174877
2.578,-27.04489150814795,-24.989833546572537,-25.358858047109038
2.579,-26.7611417119545,-24.777686392996983,-25.54163293204416
2.58,-27.328968727857443,-24.81397222693537,-25.410860166687385
2.581,-27.62272018913839,-25.58641586176706,-25.832282473671082
2.582,-27.146647774257303,-24.648814600302437,-26.503328360401923
2.583,-27.71664801876134,-24.635970829772937,-25.36165706014888
2.584,-27.505510577002998,-25.853537359379896,-25.977983204527764
2.585,-27.226892135812548,-25.5483654170601,-25.475110969715786
2.586,-27.408543868442994,-25.105643892710468,-26.148359566255284
2.587,-27.494118799288994,-25.504926182057353,-26.519977144954183
2.588,-27.63437834705456,-26.585147091175422,-26.443462184327164
2.589,-28.21853990018279,-25.067427982312992,-26.611174835402494
2.59,-27.792328221092077,-26.05427483120166,-26.619777115403384
2.591,-28.05577278157632,-25.970813538846947,-26.86978640320408
2.592,-27.726625622252868,-26.991890176323203,-27.16928302191953
2.593,-28.78002311463543,-26.40922104284344,-27.90026612538194
2.594,-28.40324200116648,-26.288356026239565,-26.965069655468298
2.595,-29.034515949660676,-27.290413415732374,-27.36809085661323
2.596,-28.111487665243622,-27.13316055672511,-27.499247048122953
2.597,-28.937400335655582,-26.553775925257888,-26.947876327890746
2.598,-28.650073640625045,-27.543020127619116,-27.809749406839543
2.599,-28.239888088067204,-27.252072642413182,-27.435283404549832
2.6,-28.843404401966342,-26.858665944732074,-27.707199685706
2.601,-29.708732263827507,-26.936551016419017,-28.274184801940386
2.602,-29.70854624392343,-27.008512514698335,-28.042470438002653
2.603,-29.615422647945326,-27.02389553884497,-27.582424636743703
2.604,-29.772786218153158,-27.397207654878606,-27.620006150086233
2.605,-29.922315141129843,-27.062155466317325,-29.03210314120035
2.606,-29.21613511684616,-27.890756749433727,-28.473603665591977
2.607,-30.232265641931097,-27.6556109476466,-28.852715029533847
2.608,-30.5689998924429,-27.378891157064515,-28.037440154020466
2.609,-30.176152098934303,-27.573617438713143,-28.709587410533217
2.61,-30.14965109503697,-27.859274701188443,-29.847169547193904
2.611,-30.44726330764177,-28.136813945141135,-28.587550978561893
2.612,-30.472802940227623,-28.143608333833686,-29.872178552537974
2.613,-31.33744678518612,-28.375282171572998,-29.60860165989429
2.614,-31.051121436668264,-28.75522884338601,-29.371087125488245
2.615,-30.99275827501758,-27.90384675524521,-29.51704957722039
2.616,-31.46481281988695,-29.308031012108806,-29.33758532587758
2.617,-31.177619080571866,-29.057336451537346,-30.212340357647342
2.618,-31.03359014090146,-30.03531832053231,-30.10515996832613
2.619,-31.73472540807279,-29.16026478545065,-29.2114157319052
2.62,-31.088956371797465,-29.187332610697784,-30.691759973468425
2.621,-32.09764532953517,-29.770897289178055,-30.17007992704312
2.622,-31.65070125771992,-29.299210612698552,-30.656522076256692
2.623,-31.6063079630882,-29.77158677331285,-30.372032292616996
2.624,-31.92148356120734,-30.572565570663564,-31.011722240726925
2.625,-32.413281870728724,-29.726981064301576,-30.106441656033862
2.626,-32.10663122723317,-30.198629674304506,-30.754615593304656
2.627,-32.86402984272542,-30.11104990183128,-31.611314636028588
2.628,-33.04423701736026,-30.35719099388189,-31.056790859591267
2.629,-32.549736769085875,-30.34483177732829,-31.652945540603774
2.63,-33.21546340207565,-30.35631790230095,-30.887192065363674
2.631,-32.75529807493368,-31.080228445998337,-31.522418881013433
2.632,-33.07369217067357,-30.92644265091066,-31.18522245075974
2.633,-34.10317567211398,-31.050929820245194,-31.981202042172878
2.634,-33.01261093665315,-30.815868918483883,-32.15912743337221
2.635,-33.724879574688686,-31.69638262936528,-32.69415123933179
2.636,-32.83762041535868,-31.212694585755862,-32.79256312665999
2.637,-33.77728021374315,-31.478461787574336,-32.336720620207956
2.638,-34.00557831092329,-31.45927379948375,-32.69506627854235
2.639,-34.04739235220787,-31.78307550933793,-32.598113325979355
2.64,-34.77199406294643,-32.50471654913797,-32.637368845027325
2.641,-33.97072864452617,-31.67563288391011,-33.34458452396506
2.642,-35.13390702519436,-32.06377662018953,-33.43823324874429
2.643,-34.75808325225858,-32.96520932820184,-32.86987923231904
2.644,-33.92305468097473,-32.35112602439006,-33.38819728752814
2.645,-34.83016193319806,-32.539061398359344,-33.1157570691998
2.646,-34.69023752665669,-32.528087901782165,-33.29060332877228
2.647,-34.96157595643874,-33.0409246195307,-34.10731849357843
2.648,-35.466835960866895,-32.89782369270158,-34.036639049976046
2.649,-34.826581739301645,-33.90560997335057,-34.31553668928247
2.65,-35.1766207064346,-33.450396096773616,-34.14748537653635
